barcode1DNA,barcode2,barcode3,barcode1RNA,barcode3_rc
TACCCG,AACCGG,TCACAC,TCATCC,GTGTGA
TACCAA,AACGTC,AACAGA,TCTGAC,TCTGTT
CTCAAA,AAGATG,ATTTGG,TCGCTC,CCAAAT
GTAAGT,AATCCA,CTTACG,TCCAGC,CGTAAG
CATCGA,AATGAG,TTCGGT,TCAGAC,ACCGAA
GTAAAG,ACACTG,TAAGAC,TCTCTC,GTCTTA
CTGCCT,ACGTTT,TTGGCC,TCGAGC,GGCCAA
TCAGTT,AGAAGC,GTGCTT,TCCTCC,AAGCAC
TACAGC,AGCCCT,GACCCA,TACAGC,TGGGTC
CTCAGA,AGCTAC,AAGCGT,CTCAGA,ACGCTT
CTATAC,ATCTTG,TTGTGT,CTATAC,ACACAA
TCATTC,CAACAC,CACATA,TCATTC,TATGTG
TCCCGA,CAGTAT,CGTAGG,TCCCGA,CCTACG
TAATCG,CCAAGT,GATAGG,TAATCG,CCTATC
AGTTCC,CCCTAA,CGATTT,AGTTCC,AAATCG
ATGTCA,CCCTTT,GCTTGG,ATGTCA,CCAAGC
AGTCAA,CCTCTC,TGGTTA,AGTCAA,TAACCA
ACTGAT,CGATTG,CACCTG,ACTGAT,CAGGTG
CCGTCC,CGCAGA,CTCCAC,CCGTCC,GTGGAG
GTGGCC,CGTAAA,GGTCTC,GTGGCC,GAGACC
ATTCCT,CTACCT,TTACCA,ATTCCT,TGGTAA
CATATG,CTCGGT,TGTCGA,CATATG,TCGACA
CAGGGA,CTGTCG,ATCCTA,CAGGGA,TAGGAT
GAAGAT,CTTATG,CTGCAA,GAAGAT,TTGCAG
ATACGA,GAAAGG,CACGTC,ATACGA,GACGTG
GTAGTT,GAATCT,CGTATT,GTAGTT,AATACG
CGTATT,GACATA,GATCTG,CGTATT,CAGATC
GACTAT,GAGACC,AATACC,GACTAT,GGTATT
TTACGG,GCCCAA,TCTTGT,TTACGG,ACAAGA
CACATA,GCTATT,AGCGTT,CACATA,AACGCT
CTCTAT,GGAGGT,CTCAGC,CTCTAT,GCTGAG
ATCTGT,GGGCTT,AGACTT,ATCTGT,AAGTCT
CGAATG,GGTGTA,CTGGAG,CGAATG,CTCCAG
AGTGCT,GTGCTC,GGTGAA,AGTGCT,TTCACC
TGGACT,GTGGGA,AACGTA,TGGACT,TACGTT
TAGCTT,GTTACG,CTCTAT,TAGCTT,ATAGAG
GCTATT,TAAGGG,TACACA,GCTATT,TGTGTA
ATCCTA,TCATTC,CCGATG,ATCCTA,CATCGG
GGCACT,TGGAAC,AGAGTC,GGCACT,GACTCT
ACGAAC,TGTGCC,CGAGAC,ACGAAC,GTCTCG
TAGACC,TTCACC,GGACCA,TAGACC,TGGTCC
GTTGCG,TTCGAG,GCTGAT,GTTGCG,ATCAGC
CCATAT,AAGCCT,TAGACC,CCATAT,GGTCTA
CGATTT,ACAAGG,AGATTG,CGATTT,CAATCT
CTGGAG,ACCTTA,GGCTTC,CTGGAG,GAAGCC
GAGTTT,AGAGTG,TTCATC,GAGTTT,GATGAA
GTGAAA,AGCGAA,GAAGAT,GTGAAA,ATCTTC
CCCTAC,AGGTCA,ATCGAT,CCCTAC,ATCGAT
,ATAACT,TAGGAG,,CTCCTA
,ATATCG,AGCTAG,,CTAGCT
,ATCGAT,CTCTTA,,TAAGAG
,ATTACA,GTTGTA,,TACAAC
,ATTTCC,CCCTAC,,GTAGGG
,CAAATG,AGATAC,,GTATCT
,CACTTG,TTTCTC,,GAGAAA
,CGGATA,AATGGA,,TCCATT
,CGGTTT,TAACGT,,ACGTTA
,CTAAGA,ATTCCC,,GGGAAT
,CTAGTC,GAAGTG,,CACTTC
,CTGCAA,AGACGC,,GCGTCT
,GACGTT,TCGAAG,,CTTCGA
,GAGTAA,TTGCAC,,GTGCAA
,GATTAT,CTGAGA,,TCTCAG
,GTAGCA,CGCGTA,,TACGCG
,GTCTGA,TATCGC,,GCGATA
,TACAGC,CCTGTT,,AACAGG
,TCAATA,GAATAG,,CTATTC
,TCGTTG,GTTCAG,,CTGAAC
,TCTACG,CATAAC,,GTTATG
,TTGGGT,GAAATC,,GATTTC
,AAACTC,CATTCA,,TGAATG
,ACTGTC,TGGCTC,,GAGCCA
,ATACAG,CGCAAT,,ATTGCG
,CGATCA,TACGGC,,GCCGTA
,CGTACT,TTAGCG,,CGCTAA
,CTCGAA,TTGCTG,,CAGCAA
,GAAGAA,AAGTTC,,GAACTT
,GAGATT,GAGCAA,,TTGCTC
,GGCTAA,TACGTG,,CACGTA
,GGTATG,CATATG,,CATATG
,GTAACC,TCAACG,,CGTTGA
,GTAGTG,CTGTTG,,CAACAG
,GTGAAA,TGGGCA,,TGCCCA
,TAATCG,GTCATT,,AATGAC
,TATAAG,CTCCTT,,AAGGAG
,TCAGAC,CCAAAC,,GTTTGG
,TCCCTT,CCCTTG,,CAAGGG
,TGCCAT,GCGAAT,,ATTCGC
,TGGTCT,TACCCG,,CGGGTA
,TTCTCC,GGGTAG,,CTACCC
,TTGCTT,AAGCTA,,TAGCTT
,ACCCGA,TGATTC,,GAATCA
,AGACGA,GGAAAC,,GTTTCC
,AGTCAC,GGAAGA,,TCTTCC
,CACATC,CGCTAA,,TTAGCG
,CAGCTG,ATAGTC,,GACTAT
